{
  "predicted_kills": 2.348841667175293,
  "predicted_deaths": 0.032250117510557175
}