{
  "predicted_kills": 1.3276293277740479,
  "predicted_deaths": 2.040029764175415
}